n,un,Bn0,Bn1,Bn2,Bn3,Bn4
1,0.074300000000000,11.95374669635240,6480.9861772761,4.86870745558490E-07,6.68465466836958E-08,-3.24151275326646E-10
2,0.030430000000000,8.72590266704956,7737.5900877043,-4.84089224025853E-06,6.80793309120211E-08,-4.33030731830226E-10
3,0.022290000000000,12.85400263277980,15019.2270676358,-2.79817867769734E-04,-1.94562760027632E-07,8.52976342407306E-10
4,0.019990000000000,15.20955718316660,23347.9184922593,-1.27525460007408E-04,5.61561141270218E-08,-3.83007656213344E-10
5,0.018690000000000,9.59819214596561,-1847.7052473473,-1.51805537016767E-04,-1.83872327470958E-07,9.11832723294004E-10
6,0.016960000000000,7.16817813524023,16133.8556269009,9.09501238787510E-05,2.44757265762155E-07,-1.21097246081220E-09
7,0.016230000000000,1.58477955555058,9061.7681127057,-6.66700468693921E-05,-4.72882416417430E-09,-8.38679186951386E-11
8,0.013037558548714,7.20398250628587,8399.6847300364,-3.30915880619168E-05,3.10588612597607E-08,-2.04009597010892E-10
9,0.010883081458489,30.38931859326640,8435.7673574330,-2.16298573138809E-04,-2.56064090432991E-07,1.20655580817730E-09
10,0.010878769050656,-23.99191546410470,8431.1649575502,8.82862423858425E-05,2.45373657876317E-07,-1.26541218906399E-09
11,0.014190000000000,-0.77077499483622,733.0766880822,-2.18962454631718E-04,-2.55447698318829E-07,1.15211607992551E-09
12,0.013380000000000,3.94033410593738,17390.4595373291,8.56223608929340E-05,2.45990049990480E-07,-1.31985191731578E-09
13,0.012790000000000,2.45706903446663,-523.5272223459,-2.13634691645901E-04,-2.56680482547154E-07,1.26099553642909E-09
14,0.012150000000000,4.81262358485343,7805.1642022775,-6.13422838835750E-05,-5.96160839249963E-09,2.50115378084409E-11
15,0.005460000000000,11.99687238420890,5852.6842220621,3.15075223846700E-06,6.62301545695331E-08,-2.69711547074857E-10
16,0.004430000000000,14.30930124673920,14809.6776018995,1.52779278507884E-04,3.17565420838350E-07,-1.56013527394729E-09
17,0.003420000000000,3.81034409083088,8399.7091103675,-3.31895204255009E-05,3.11024944910606E-08,-2.03282376489228E-10
18,0.003300000000000,9.62615860347698,16275.8309780640,-2.85145630755551E-04,-1.93329975799307E-07,7.44096885903726E-10
19,0.003180000000000,11.98171315386370,24604.5224026874,-1.32853222993225E-04,5.73888983553472E-08,-4.91887112716924E-10
20,0.002956611280138,15.03543192627950,7109.2881324902,-2.17701074735002E-06,6.74629387978584E-08,-3.78591003578436E-10
21,0.002850000000000,17.56511173355340,31676.6099168827,2.47669477549174E-05,3.06874988281676E-07,-1.61899165483399E-09
22,0.002070000000000,11.08145721743630,16066.2815123277,1.47451515522067E-04,3.18798205066675E-07,-1.66901473045087E-09
23,0.002020000000000,9.92483900829697,16833.1452576965,-9.97616349313089E-05,2.63300370955864E-08,-2.87877515706031E-10
24,0.002020000000000,6.66902852148275,-33.7870572866,2.82506958216582E-05,3.70204696522603E-08,-2.29021134819333E-10
25,0.002000000000000,9.52373268562704,24462.5470515244,2.43242531641077E-04,4.95476139916809E-07,-2.44695645943286E-09
26,0.001980000000000,6.37034811666276,-591.1013369192,-1.57133300002584E-04,-1.82639543242633E-07,8.02953266790424E-10
27,0.001930000000000,15.25268287102310,22719.6165370452,-1.24861578514500E-04,5.55397220128592E-08,-3.28567927961554E-10
28,0.001640000000000,7.24263759557881,-10176.3966719707,-3.04097944779093E-04,-4.34591201625613E-07,2.14781672191465E-09
29,0.001610000000000,6.29588865632418,25719.1509619525,2.37914768655260E-04,4.96708924145135E-07,-2.55583591593644E-09
30,0.001206089095215,-21.63651358172710,16759.8563821736,2.40578650148168E-04,4.96092532030972E-07,-2.50139618768465E-09
31,0.001580000000000,12.89712832063630,14390.9251124218,-2.77153986276826E-04,-1.95179152141795E-07,9.07416070659096E-10
32,0.001168608317102,32.74503173710650,16764.4587820564,-6.40061653764836E-05,-5.34521627833696E-09,-2.94281904433488E-11
33,0.001490000000000,19.99512574427880,13695.0490426344,-2.17988713140601E-04,-1.21754604951437E-07,5.03813529272218E-10
34,0.001350000000000,9.64131783382214,-2476.0072025614,-1.49141655523859E-04,-1.84488719585121E-07,9.66272451545793E-10
35,0.001040000000000,22.35068029466560,22023.7404672579,-6.56963053782751E-05,1.28964269203217E-07,-7.32170469348432E-10
36,0.000746804070016,-20.65430855569390,8433.7947898664,8.82862423858425E-05,2.45373657876317E-07,-1.26541218906399E-09
37,0.000746766552497,27.05171165336210,8433.1375251168,-2.16298573138809E-04,-2.56064090432991E-07,1.20655580817730E-09
38,0.000729735697506,7.98775548014448,70.9933054130,-1.85383995824243E-04,-2.19660012894893E-07,1.03197440160975E-09
39,0.000850000000000,23.25093623109300,30561.9813576176,-3.46001043893568E-04,-1.32445037508111E-07,4.44957148385520E-10
40,0.000689737373238,9.55676502906980,16728.3761546598,1.19200819700409E-04,2.81777735414415E-07,-1.43999359563154E-09
41,0.000790000000000,0.10151448407983,-8852.2186469694,-3.65927099408227E-04,-5.07399356701809E-07,2.49697953504974E-09
42,0.000760000000000,-3.12632954522302,-7595.6147365412,-3.71254862394044E-04,-5.06166572473483E-07,2.38810007854616E-09
43,0.000597442242305,14.44722156032600,8446.0853959096,-2.17701074735002E-06,6.74629387978584E-08,-3.78591003578436E-10
44,0.000680000000000,8.68277697919303,8365.8920429183,-7.50477373316704E-06,6.86957230261838E-08,-4.87470460082016E-10
45,0.000600000000000,14.33726770425050,32933.2138273109,1.94391847691004E-05,3.08107772510001E-07,-1.72787111133757E-09
46,0.000570000000000,9.58303291562045,16904.1329332780,-2.87809512248460E-04,-1.92713583685144E-07,6.89657157651936E-10
47,0.000570000000000,7.21130382309676,15505.5536716869,9.36140053716596E-05,2.44140873647992E-07,-1.15653273256042E-09
48,0.000540000000000,20.89538168070620,22233.2899329942,-4.98293451655894E-04,-3.83163911662766E-07,1.68094114700617E-09
49,0.000530000000000,12.02483884172030,23976.2204474733,-1.30189341500317E-04,5.67725062411845E-08,-4.37447384465134E-10
50,0.000530000000000,6.32722242880623,37.2006182949,-1.59797181495493E-04,-1.82023151128470E-07,7.48513538538634E-10
51,0.000397766638125,9.34952309585254,7143.0695599454,-3.30915880619168E-05,3.10588612597607E-08,-2.04009597010892E-10
52,0.000377628918551,-16.85094277330060,7106.9869325488,1.50115397014976E-04,3.18181812952513E-07,-1.61457500219908E-09
53,0.000377025817476,37.53059242268970,7111.5893324316,-1.54469418509676E-04,-1.83255935356796E-07,8.57392995042214E-10
54,0.000381634718182,11.64300053453870,8293.7465356141,-3.30915880619168E-05,3.10588612597607E-08,-2.04009597010892E-10
55,0.000480000000000,-0.81390068269275,1361.3786432963,-2.21626336124626E-04,-2.54831306204666E-07,1.09767635167372E-09
56,0.000430000000000,16.76728171497590,14951.6529530626,-2.23316476126418E-04,-1.20521820723112E-07,3.94934072768638E-10
57,0.000400000000000,25.60649078147980,38890.6727822411,-1.93708636131242E-04,1.18273836646543E-07,-7.91026850235130E-10
58,0.000370000000000,9.66928429133351,15647.5290228499,-2.82481749262643E-04,-1.93946367913470E-07,7.98536614155516E-10
59,0.000350000000000,14.35242693459570,14181.3756466855,1.55443160000793E-04,3.16949028724187E-07,-1.50569554569550E-09
60,0.000243707888293,-15.95067835156960,15645.2278229085,-1.30189341500317E-04,5.67725062411845E-08,-4.37447384465134E-10
61,0.000320000000000,16.66485579712600,23138.3690265230,3.05071686270210E-04,5.68284294993005E-07,-2.79611927256794E-09
62,0.000236272855193,38.43084429207520,15649.8302227913,-4.34774157024969E-04,-4.44665242068124E-07,2.03452061277616E-09
63,0.000310000000000,19.92066628394020,40005.3013415062,1.77059355517243E-04,5.57593862436331E-07,-2.85497565345464E-09
64,0.000310000000000,2.50019472232316,-1151.8291775600,-2.10970810152992E-04,-2.57296874661317E-07,1.31543526468088E-09
65,0.000259421273484,15.23654278038740,8715.1534387173,-3.30915880619168E-05,3.10588612597607E-08,-2.04009597010892E-10
66,0.000258884260913,43.09718886038580,105.1270488262,-2.16298573138809E-04,-2.56064090432991E-07,1.20655580817730E-09
67,0.000258869242840,-41.41089273162180,104.4224169101,-2.16298573138809E-04,-2.56064090432991E-07,1.20655580817730E-09
68,0.000273002688592,-25.82967282074110,7108.9358165321,-2.17701074735002E-06,6.74629387978584E-08,-3.78591003578436E-10
69,0.000272916275679,52.79244496369900,7109.6404484483,-2.17701074735002E-06,6.74629387978584E-08,-3.78591003578436E-10
70,0.000290000000000,17.60823742140990,31048.3079616687,2.74308292478259E-05,3.06258596167514E-07,-1.56455192658220E-09
71,0.000290000000000,1.54165386769405,9690.0700679197,-6.93339283623006E-05,-4.11243205001163E-09,-1.38307646946928E-10
72,0.000237887322991,11.71917929286680,8792.7056997294,-3.30915880619168E-05,3.10588612597607E-08,-2.04009597010892E-10
73,0.000280000000000,19.12283626536270,23280.3443776860,-7.10240683640921E-05,1.30197053431542E-07,-8.41049925852011E-10
74,0.000280000000000,12.03999807206540,5224.3822668480,5.81463373137551E-06,6.56137624553705E-08,-2.15271818823067E-10
75,0.000280000000000,3.89720841808085,18018.7614925431,8.29584794000255E-05,2.46606442104643E-07,-1.37429164556757E-09
76,0.000210516335546,-13.59513081190680,23973.9192475319,2.21030662620089E-05,3.07491380395839E-07,-1.67343138308578E-09
77,0.000208667281043,40.78640272034160,23978.5216474148,-2.82481749262643E-04,-1.93946367913470E-07,7.98536614155516E-10
78,0.000243672741603,-36.72190334282760,16761.8052661569,8.82862423858425E-05,2.45373657876317E-07,-1.26541218906399E-09
79,0.000243655247286,47.83041960658900,16762.5098980731,8.82862423858425E-05,2.45373657876317E-07,-1.26541218906399E-09
80,0.000207948976207,13.07634381271320,8557.4190843769,-3.30915880619168E-05,3.10588612597607E-08,-2.04009597010892E-10
81,0.000260000000000,6.41347380451929,-1219.4032921333,-1.54469418509676E-04,-1.83255935356796E-07,8.57392995042214E-10
82,0.000260000000000,12.28039355868370,25161.8366823200,5.25307728310172E-05,2.77048911250241E-07,-1.52386151432668E-09
83,0.000171716008832,48.30361911159370,8433.8184734497,-6.40061653764836E-05,-5.34521627833696E-09,-2.94281904433488E-11
84,0.000171704110548,-35.62302599191010,8433.1138415335,-6.40061653764836E-05,-5.34521627833696E-09,-2.94281904433488E-11
85,0.000220000000000,11.12458290529280,15437.9795571136,1.50115397014976E-04,3.18181812952513E-07,-1.61457500219908E-09
86,0.000220000000000,8.69793620953819,-10385.9461377070,1.28499201498525E-04,7.75369792403697E-08,-2.65294894439949E-10
87,0.000200000000000,7.15638621986575,-8919.7927615426,-3.09425707764910E-04,-4.33358417397288E-07,2.03893726541107E-09
88,0.000190000000000,11.87928723601380,32791.2384761478,3.95534939403403E-04,7.46195014071464E-07,-3.68294045805351E-09
89,0.000190000000000,-1.45478954044407,-71.0176857441,1.85481928187827E-04,2.19616379663594E-07,-1.03270162213142E-09
90,0.000155332501988,5.46210241231261,8357.0249140807,-3.30915880619168E-05,3.10588612597607E-08,-2.04009597010892E-10
91,0.000180000000000,6.16589864121768,16728.4005349909,1.19102887336825E-04,2.81821368645715E-07,-1.43926637510987E-09
92,0.000170000000000,20.03825143213530,13066.7470874204,-2.15324831647692E-04,-1.22370997065600E-07,5.58253257524008E-10
93,0.000140588595478,9.32178834069065,8346.7156328253,-3.30915880619168E-05,3.10588612597607E-08,-2.04009597010892E-10
94,0.000160000000000,7.35685542880324,6690.5356430124,-4.32110275532061E-04,-4.45281634182287E-07,2.08896034102795E-09
95,0.000160000000000,13.43701176782310,24394.9729369511,2.99743923284393E-04,5.69517079221330E-07,-2.90499872907152E-09
96,0.000160000000000,8.65144320671098,34047.8423865760,3.90207176417586E-04,7.47427798299789E-07,-3.79181991455709E-09
97,0.000130000000000,15.25185333590700,15613.7475953947,-2.51567171948076E-04,-1.57542290375372E-07,6.23955207587972E-10
98,0.000107684643638,2.55105296271317,8433.2425003339,8.82862423858425E-05,2.45373657876317E-07,-1.26541218906399E-09
99,0.000107684643638,10.12953548487040,8433.6898146493,-2.16298573138809E-04,-2.56064090432991E-07,1.20655580817730E-09
100,0.000150000000000,22.39380598252210,21395.4385120438,-6.30324238853666E-05,1.28347877089054E-07,-6.77730741096642E-10
101,0.000111251776495,-19.28096011650880,25088.5478067970,3.92871057910494E-04,7.46811406185627E-07,-3.73738018630530E-09
102,0.000108227096686,12.44004369087150,16745.2369013074,-2.82481749262643E-04,-1.93946367913470E-07,7.98536614155516E-10
103,0.000123389144805,9.24186310528523,7929.1114993313,-3.30915880619168E-05,3.10588612597607E-08,-2.04009597010892E-10
104,0.000112028160462,13.78974680631240,8421.0146380143,-3.30915880619168E-05,3.10588612597607E-08,-2.04009597010892E-10
105,0.000106629361276,35.10058935448530,25093.1502066799,8.82862423858425E-05,2.45373657876317E-07,-1.26541218906399E-09
106,0.000102931518701,9.18421928559691,-121.6954136757,-1.54469418509676E-04,-1.83255935356796E-07,8.57392995042214E-10
107,0.000140000000000,24.70623484505240,30352.4318918813,8.65961023840510E-05,3.79683143357872E-07,-1.96815446796908E-09
108,0.000140000000000,10.41219670667990,7947.1395534406,-4.37438038517878E-04,-4.44048849953962E-07,1.98008088452437E-09
109,0.000140000000000,4.88708304519201,-18505.0880965942,-4.56390352541420E-04,-6.85310075780268E-07,3.38380072053530E-09
110,0.000140000000000,5.47009218023534,-9129.3422272789,1.23171438512708E-04,7.87697634686950E-08,-3.74174350943528E-10
111,0.000140000000000,4.42769180432038,8504.4538330731,-2.52054042693635E-04,-2.24388837059068E-07,9.48106482914619E-10
112,0.000140000000000,-0.55453360401666,8467.2232046157,-9.48228103274662E-05,-4.17929270477345E-08,1.44425995602530E-10
113,0.000096955674762,-4.03021531276217,-8417.4666492676,-1.54469418509676E-04,-1.83255935356796E-07,8.57392995042214E-10
114,0.000096813612920,-0.77440366223363,8449.4656657156,-2.82481749262643E-04,-1.93946367913470E-07,7.98536614155516E-10
115,0.000105127581525,9.85985142882217,8402.3145623526,-3.30915880619168E-05,3.10588612597607E-08,-2.04009597010892E-10
116,0.000130000000000,20.02309220179010,31818.5852680457,-3.51328806879385E-04,-1.31212253279786E-07,3.36077691881941E-10
117,0.000130000000000,17.63957119389200,5366.3576180110,-3.70281120902927E-04,-3.72473479106092E-07,1.73979752789286E-09
118,0.000130000000000,6.58658950748232,7143.0451796143,-3.29936556983326E-05,3.10152280284609E-08,-2.04736817532557E-10
119,0.000108541296627,13.14194267946460,9185.7266694224,-3.30915880619168E-05,3.10588612597607E-08,-2.04009597010892E-10
120,0.000100000000000,6.48016294892678,7771.3771449909,-3.30915880619168E-05,3.10588612597607E-08,-2.04009597010892E-10
121,0.000120000000000,23.29406191894950,29933.6794024036,-3.43337162400660E-04,-1.33061429622274E-07,4.99396876637310E-10
122,0.000120000000000,15.29580855887970,22091.3145818312,-1.22197697021591E-04,5.49233298986965E-08,-2.74128199709765E-10
123,0.000110000000000,7.28576328343534,-10804.6986271848,-3.01434063286185E-04,-4.35207593739776E-07,2.20225645016644E-09
124,0.000093250503713,10.66835078125570,8322.1324690243,-3.30915880619168E-05,3.10588612597607E-08,-2.04009597010892E-10
125,0.000085009088245,10.51016564877110,6951.5537781498,-2.17701074735002E-06,6.74629387978584E-08,-3.78591003578436E-10
126,0.000082886632512,29.40725490068220,16761.8289497402,-6.40061653764836E-05,-5.34521627833696E-09,-2.94281904433488E-11
127,0.000082558474534,-18.29873923025700,16762.4862144898,2.40578650148168E-04,4.96092532030972E-07,-2.50139618768465E-09
128,0.000100000000000,14.38039339210710,32304.9118720968,2.21030662620089E-05,3.07491380395839E-07,-1.67343138308578E-09
129,0.000080000000000,7.09625645475624,-8467.2475849468,9.49207426910504E-05,4.17492938164346E-08,-1.45153216124195E-10
130,0.000080584601377,16.66518957822730,9108.1744084103,-3.30915880619168E-05,3.10588612597607E-08,-2.04009597010892E-10
131,0.000065524020894,7.03973196479215,8477.2369910486,-3.30915880619168E-05,3.10588612597607E-08,-2.04009597010892E-10
132,0.000076482276851,-2.53457271849535,104.0633874013,-2.16298573138809E-04,-2.56064090432991E-07,1.20655580817730E-09
133,0.000076465672126,4.22093037593240,105.4860783350,-2.16298573138809E-04,-2.56064090432991E-07,1.20655580817730E-09
134,0.000090000000000,17.06596211979590,15508.9672326951,-3.79324803021753E-05,9.91381921717819E-08,-6.37040328841119E-10
135,0.000090000000000,9.02458307186955,8294.9043673368,1.80543103583984E-04,2.87739343806915E-07,-1.46500513343998E-09
136,0.000090000000000,3.98345979379391,16762.1575821150,8.82862423858425E-05,2.45373657876317E-07,-1.26541218906399E-09
137,0.000090000000000,4.85574927270996,7176.8622470635,-5.86784023906665E-05,-6.57800050666229E-09,7.94512660602307E-11
138,0.000090000000000,2.41394334661010,104.7747328682,-2.16298573138809E-04,-2.56064090432991E-07,1.20655580817730E-09
139,0.000075198128283,-0.37077015324188,8359.8698281385,-3.30915880619168E-05,3.10588612597607E-08,-2.04009597010892E-10
140,0.000069291714827,9.02915672998457,16762.8689275819,8.82862423858425E-05,2.45373657876317E-07,-1.26541218906399E-09
141,0.000069268994988,2.07922053552738,16761.4462366481,8.82862423858425E-05,2.45373657876317E-07,-1.26541218906399E-09
142,0.000082402233908,7.67692972962503,7106.6583001740,-2.17701074735002E-06,6.74629387978584E-08,-3.78591003578436E-10
143,0.000064630394995,3.61924028751865,8432.7548120247,-6.40061653764836E-05,-5.34521627833696E-09,-2.94281904433488E-11
144,0.000064616272204,9.06122741128935,8434.1775029585,-6.40061653764836E-05,-5.34521627833696E-09,-2.94281904433488E-11
145,0.000081917723578,13.00334407972640,7111.9179648064,-2.17701074735002E-06,6.74629387978584E-08,-3.78591003578436E-10
146,0.000070000000000,17.60740788629380,23942.4390200182,-9.92747641857504E-05,9.31765837792822E-08,-6.12028791032678E-10
147,0.000079365343260,8.84626270751197,8479.8668233647,-3.30915880619168E-05,3.10588612597607E-08,-2.04009597010892E-10
148,0.000069772390507,14.56465825824410,9578.7476391154,-3.30915880619168E-05,3.10588612597607E-08,-2.04009597010892E-10
149,0.000060000000000,13.95968602302710,9027.9923150820,-3.30915880619168E-05,3.10588612597607E-08,-2.04009597010892E-10
150,0.000060000000000,5.48971948764498,9061.7737425371,-6.40061653764836E-05,-5.34521627833696E-09,-2.94281904433488E-11
151,0.000060000000000,0.90768365275903,7805.1585724461,-6.40061653764836E-05,-5.34521627833696E-09,-2.94281904433488E-11
152,0.000080000000000,27.96204533186660,47219.3642068645,-4.14162283689161E-05,3.68992710801198E-07,-2.02701084885578E-09
153,0.000080000000000,16.81040740283250,14323.3509978485,-2.20652594633509E-04,-1.21138212837274E-07,4.49373801020428E-10
154,0.000080000000000,16.69282225463730,41261.9052519343,1.71731592531426E-04,5.58826646664656E-07,-2.96385510995822E-09
155,0.000080000000000,12.94025400849290,13762.6231572077,-2.74490104783917E-04,-1.95795544255958E-07,9.61855798910885E-10
156,0.000080000000000,9.56685837348357,23834.2450963103,2.45906413133985E-04,4.94859747802647E-07,-2.39251673118107E-09
157,0.000080000000000,-5.99278293825464,-8365.9520632435,2.37287547451827E-06,-6.75502052604582E-08,3.77136562535108E-10
158,0.000062916140622,10.15009764318990,7267.0224868306,-2.17701074735002E-06,6.74629387978584E-08,-3.78591003578436E-10
159,0.000066331209697,7.81243620060367,7536.0905296383,-3.30915880619168E-05,3.10588612597607E-08,-2.04009597010892E-10
160,0.000071389511749,22.22159438784650,8439.4996319344,-3.30915880619168E-05,3.10588612597607E-08,-2.04009597010892E-10
161,0.000058736195175,9.04073470630561,6558.5328084568,-2.17701074735002E-06,6.74629387978584E-08,-3.78591003578436E-10
162,0.000060000000000,18.26121311159460,8365.9033025813,-2.17701074735002E-06,6.74629387978584E-08,-3.78591003578436E-10
163,0.000053042837422,-10.58477151152870,8418.0470463519,-2.82481749262643E-04,-1.93946367913470E-07,7.98536614155516E-10
164,0.000052967416357,-13.84058264934960,-8448.8852686313,-1.54469418509676E-04,-1.83255935356796E-07,8.57392995042214E-10
165,0.000050429429861,10.58866357237270,6586.9187418670,-2.17701074735002E-06,6.74629387978584E-08,-3.78591003578436E-10
166,0.000060000000000,15.43235976784470,7737.5957175357,-2.17701074735002E-06,6.74629387978584E-08,-3.78591003578436E-10
167,0.000060000000000,19.30461670751470,10250.8260577179,-2.17701074735002E-06,6.74629387978584E-08,-3.78591003578436E-10
168,0.000060425404444,7.18895524748217,-1185.6218646781,-1.85383995824243E-04,-2.19660012894893E-07,1.03197440160975E-09
169,0.000063897869756,10.80136517145500,8452.6538272476,-3.30915880619168E-05,3.10588612597607E-08,-2.04009597010892E-10
170,0.000051611735176,-50.32334388624500,8421.2602327676,-2.17701074735002E-06,6.74629387978584E-08,-3.78591003578436E-10
171,0.000070000000000,17.66753765140330,23489.8938434223,-5.03621214641711E-04,-3.81931127434440E-07,1.57206169050259E-09
172,0.000070000000000,19.16596195321930,22652.0424224719,-6.83601868711836E-05,1.29580661317380E-07,-7.86610197600222E-10
173,0.000070000000000,11.93858746600720,25232.8243579015,-1.35517104486134E-04,5.80052904695098E-08,-5.46326840968714E-10
174,0.000070000000000,9.68444352167867,-3104.3091577754,-1.46477774030950E-04,-1.85105111699284E-07,1.02071217979758E-09
175,0.000050809716377,12.34099001228940,7056.3190352790,-2.17701074735002E-06,6.74629387978584E-08,-3.78591003578436E-10
176,0.000055145331173,-14.20689231976870,8415.4172140357,-2.82481749262643E-04,-1.93946367913470E-07,7.98536614155516E-10
177,0.000055053685337,-17.46270293123390,-8451.5151009475,-1.54469418509676E-04,-1.83255935356796E-07,8.57392995042214E-10
178,0.000058684151220,4.96286448938221,6750.0485902524,-3.30915880619168E-05,3.10588612597607E-08,-2.04009597010892E-10
179,0.000049276780130,-0.96037996864139,7069.4732305923,-2.17701074735002E-06,6.74629387978584E-08,-3.78591003578436E-10
180,0.000057341132259,5.73067828719662,8006.6637603435,-3.30915880619168E-05,3.10588612597607E-08,-2.04009597010892E-10
181,0.000050000000000,13.14339461484420,9656.2999001275,-3.30915880619168E-05,3.10588612597607E-08,-2.04009597010892E-10
182,0.000047481446363,21.65076454961070,7149.1030343881,-2.17701074735002E-06,6.74629387978584E-08,-3.78591003578436E-10
183,0.000054238958411,7.08929691456122,8398.9733845696,-3.30915880619168E-05,3.10588612597607E-08,-2.04009597010892E-10
184,0.000060000000000,22.37864675217690,40147.2766926692,-1.99036399117059E-04,1.19506620874868E-07,-8.99906306738709E-10
185,0.000060000000000,25.64961646933630,38262.3708270270,-1.91044754638333E-04,1.17657444532380E-07,-7.36587121983340E-10
186,0.000060000000000,20.93850736856270,21604.9879777801,-4.95629570162986E-04,-3.83780303776928E-07,1.73538087525796E-09
187,0.000060000000000,14.01062084191920,14252.3633222670,-3.26047173163583E-05,9.79054079434565E-08,-5.28160872337539E-10
188,0.000060000000000,3.97166787841943,-8291.4908063286,-3.12089589257819E-04,-4.32742025283125E-07,1.98449753715928E-09
189,0.000060000000000,-5.48188409560982,-15924.3061611646,-5.23547270156370E-04,-7.56885446628138E-07,3.62408407716681E-09
190,0.000060000000000,-2.25404006630697,-17180.9100715928,-5.18219507170553E-04,-7.58118230856463E-07,3.73296353367039E-09
191,0.000042476744936,14.56776529748380,7162.2572297014,-2.17701074735002E-06,6.74629387978584E-08,-3.78591003578436E-10
192,0.000048124917069,15.98731256800800,9971.7686088084,-3.30915880619168E-05,3.10588612597607E-08,-2.04009597010892E-10
193,0.000044363021086,5.04446232664475,-8257.6981192105,-3.37676403586569E-04,-4.70378887049548E-07,2.26795840023040E-09
194,0.000040000000000,16.38926728949700,9622.5184726724,-2.17701074735002E-06,6.74629387978584E-08,-3.78591003578436E-10
195,0.000049427201300,-22.59463743820380,23975.8681315153,-1.30189341500317E-04,5.67725062411845E-08,-4.37447384465134E-10
196,0.000049394586853,56.06901411167110,23976.5727634314,-1.30189341500317E-04,5.67725062411845E-08,-4.37447384465134E-10
197,0.000040316193440,-14.49539093951260,15435.6783571722,3.02407804777302E-04,5.68900687107167E-07,-2.85055900081973E-09
198,0.000039510200507,92.98921775343800,7093.7461042018,-2.17701074735002E-06,6.74629387978584E-08,-3.78591003578436E-10
199,0.000037774317278,12.69706533167910,8400.3960755033,-3.30915880619168E-05,3.10588612597607E-08,-2.04009597010892E-10
200,0.000038587510437,-66.02918569288390,7124.8301607786,-2.17701074735002E-06,6.74629387978584E-08,-3.78591003578436E-10
201,0.000039037154784,39.88618278805230,15440.2807570550,-2.17701074735002E-06,6.74629387978584E-08,-3.78591003578436E-10
202,0.000050000000000,17.96621805622330,24047.2081230549,-3.18237218817468E-04,-1.62271114539546E-07,5.40087288892834E-10
203,0.000050000000000,11.65506629153240,5923.6718976436,-1.84897125078684E-04,-1.52813466211198E-07,7.07823126283111E-10
204,0.000050000000000,4.80083166947895,-17248.4841861660,-4.61718115527237E-04,-6.84077291551943E-07,3.27492126403172E-09
205,0.000050000000000,6.86949773042024,15576.5413472684,-9.44338719454919E-05,2.50972528672611E-08,-1.78998059202451E-10
206,0.000050000000000,5.96924179399282,7038.3004569087,1.85870866569801E-04,2.86506559578589E-07,-1.35612567693640E-09
207,0.000050000000000,0.05838879622330,-8223.9166917553,-3.68590980901135E-04,-5.06782964587646E-07,2.44253980679795E-09
208,0.000036607343542,6.82839564545864,-8450.3868382992,-3.06761826272002E-04,-4.33974809511451E-07,2.09337699366286E-09
209,0.000042473647468,18.09557351438920,9501.1953781033,-3.30915880619168E-05,3.10588612597607E-08,-2.04009597010892E-10
210,0.000040000000000,11.92158338875420,25057.0675792833,2.71493227462735E-04,5.32496609569070E-07,-2.67597759425219E-09
211,0.000036437913100,-22.57465223096710,8428.5351252340,8.82862423858425E-05,2.45373657876317E-07,-1.26541218906399E-09
212,0.000036437913100,35.25524067855070,8438.3971897492,-2.16298573138809E-04,-2.56064090432991E-07,1.20655580817730E-09
213,0.000040000000000,14.28290503238210,8994.2108876268,-2.17701074735002E-06,6.74629387978584E-08,-3.78591003578436E-10
214,0.000042503529537,8.34821839013700,8164.3981146839,-3.30915880619168E-05,3.10588612597607E-08,-2.04009597010892E-10
215,0.000036230852691,-11.23957818196450,32302.6106721554,1.74395474024335E-04,5.58210254550494E-07,-2.90941538170643E-09
216,0.000038115043084,14.48878583346410,8950.4400540699,-3.30915880619168E-05,3.10588612597607E-08,-2.04009597010892E-10
217,0.000036785623129,-25.23435036339420,15647.1767068918,-2.82481749262643E-04,-1.93946367913470E-07,7.98536614155516E-10
218,0.000036670707271,53.99954891501810,15647.8813388080,-2.82481749262643E-04,-1.93946367913470E-07,7.98536614155516E-10
219,0.000035476255008,43.14193645447940,32307.2130720382,-1.30189341500317E-04,5.67725062411845E-08,-4.37447384465134E-10
220,0.000039501604122,3.54050971801024,6357.0276205594,-3.30915880619168E-05,3.10588612597607E-08,-2.04009597010892E-10
221,0.000033673151591,-12.04284766909700,7029.6583286944,-2.17701074735002E-06,6.74629387978584E-08,-3.78591003578436E-10
222,0.000034370803001,-21.32401680476180,-8417.7336734923,-1.85383995824243E-04,-2.19660012894893E-07,1.03197440160975E-09
223,0.000035638451843,16.80275856320960,16774.7768205330,1.50115397014976E-04,3.18181812952513E-07,-1.61457500219908E-09
224,0.000042236799612,10.85276781441790,8378.3548220586,-3.30915880619168E-05,3.10588612597607E-08,-2.04009597010892E-10
225,0.000037303178640,6.01323089993217,7220.6218209575,-3.30915880619168E-05,3.10588612597607E-08,-2.04009597010892E-10
226,0.000040000000000,13.24419467118110,6480.9805474447,-2.17701074735002E-06,6.74629387978584E-08,-3.78591003578436E-10
227,0.000032974215585,-28.42287330576210,-1219.7556080913,-1.54469418509676E-04,-1.83255935356796E-07,8.57392995042214E-10
228,0.000032863419025,50.67634070388550,-1219.0509761752,-1.54469418509676E-04,-1.83255935356796E-07,8.57392995042214E-10
229,0.000029983816215,32.74370004654080,7188.9179362860,-2.17701074735002E-06,6.74629387978584E-08,-3.78591003578436E-10
230,0.000034129102789,17.40984466703690,10364.7895785013,-3.30915880619168E-05,3.10588612597607E-08,-2.04009597010892E-10
231,0.000030000000000,11.71067879687790,-8501.0290124019,1.25835320005617E-04,7.81533713545324E-08,-3.19734622691738E-10
232,0.000040000000000,30.39205934259200,29237.8033326162,-2.84171889264434E-04,-5.96368824319158E-08,9.57943352504331E-11
233,0.000040000000000,21.47839081574950,31609.0358023095,8.12683393982340E-05,3.80915927586197E-07,-2.07703392447266E-09
234,0.000040000000000,11.85172313875720,15613.7719757258,-2.51665104311660E-04,-1.57498657144072E-07,6.24682428109636E-10
235,0.000040000000000,7.91189810633520,-2057.2547130836,2.80791609260851E-04,3.28255853395024E-07,-1.50127889306060E-09
236,0.000040000000000,5.21372990752337,175.7624084497,-4.04346450455961E-04,-4.75107711213722E-07,2.18409048153527E-09
237,0.000040000000000,1.95791942070915,-16691.1699065335,-2.76334119702994E-04,-4.64417278657049E-07,2.24294686242196E-09
238,0.000040000000000,4.76949789699690,8433.4661574916,-6.40061653764836E-05,-5.34521627833696E-09,-2.94281904433488E-11
239,0.000029729572578,-18.06820584951920,8449.1986414909,-3.13396326577210E-04,-2.30350445451567E-07,9.73118020723060E-10
240,0.000030000000000,9.95943095575415,-7210.6324148557,9.49207426910504E-05,4.17492938164346E-08,-1.45153216124195E-10
241,0.000028949364234,8.17892067456532,7249.0077543677,-3.30915880619168E-05,3.10588612597607E-08,-2.04009597010892E-10
242,0.000030000000000,4.74070190436939,-16795.9390095702,-5.73716650712757E-05,-2.08969580338220E-07,1.09083078249645E-09
243,0.000028922016746,9.66454154114830,16755.5986265159,-9.70977534384004E-05,2.57136449814237E-08,-2.33437787454241E-10
244,0.000035761930564,-42.30281498144860,8461.0751346655,-2.17701074735002E-06,6.74629387978584E-08,-3.78591003578436E-10
245,0.000024820186272,10.08611887653950,7631.6575231134,-2.17701074735002E-06,6.74629387978584E-08,-3.78591003578436E-10
246,0.000027505771804,12.98130236493440,7031.7358714781,-2.17701074735002E-06,6.74629387978584E-08,-3.78591003578436E-10
247,0.000026203440904,-31.82618695080790,6480.6282314866,-2.17701074735002E-06,6.74629387978584E-08,-3.78591003578436E-10
248,0.000025622241720,-23.20560696344650,102.4735329267,-6.40061653764836E-05,-5.34521627833696E-09,-2.94281904433488E-11
249,0.000026717085180,6.40859537131707,-111.3336884673,3.09145773145667E-05,3.64040775380977E-08,-1.74581406567543E-10
250,0.000030429864703,-34.36055573320240,25090.4966907804,2.40578650148168E-04,4.96092532030972E-07,-2.50139618768465E-09
251,0.000030424433406,50.18019490870080,25091.2013226965,2.40578650148168E-04,4.96092532030972E-07,-2.50139618768465E-09
252,0.000026750853665,11.57534930588550,7660.0434565236,-2.17701074735002E-06,6.74629387978584E-08,-3.78591003578436E-10
253,0.000023806059537,11.53846678245770,8206.9960109477,-2.17701074735002E-06,6.74629387978584E-08,-3.78591003578436E-10
254,0.000027911368558,2.76942914512061,16759.5277497988,8.82862423858425E-05,2.45373657876317E-07,-1.26541218906399E-09
255,0.000027886005611,8.33884707169208,16764.7874144312,8.82862423858425E-05,2.45373657876317E-07,-1.26541218906399E-09
256,0.000025833628253,-13.51318562048760,7109.6167648650,1.50115397014976E-04,3.18181812952513E-07,-1.61457500219908E-09
257,0.000025833628253,34.19283498388960,7108.9595001154,-1.54469418509676E-04,-1.83255935356796E-07,8.57392995042214E-10
258,0.000026925610904,2.11500029884046,5964.0066508664,-3.30915880619168E-05,3.10588612597607E-08,-2.04009597010892E-10
259,0.000028856589113,-69.02102079175210,8415.2267583249,-3.30915880619168E-05,3.10588612597607E-08,-2.04009597010892E-10
260,0.000023141411092,13.83475105374750,7186.8403935023,-2.17701074735002E-06,6.74629387978584E-08,-3.78591003578436E-10
261,0.000021502482397,14.56479310664810,8473.2810593895,-6.40061653764836E-05,-5.34521627833696E-09,-2.94281904433488E-11
262,0.000024093888675,5.73029796666257,16604.4232277746,8.82862423858425E-05,2.45373657876317E-07,-1.26541218906399E-09
263,0.000030000000000,28.03650479220520,20909.1119079928,-4.36464297026761E-04,-3.10355756586570E-07,1.33177833387108E-09
264,0.000030000000000,20.06621788964670,31190.2833128317,-3.48664925386477E-04,-1.31828645393948E-07,3.90517420133731E-10
265,0.000030000000000,20.32177260661010,32375.8995476783,-1.65944811055142E-04,8.84477596151079E-08,-6.95896709727816E-10
266,0.000030000000000,14.91087677834660,22790.6042126267,-3.12909455831651E-04,-1.63503898767872E-07,6.48966745396413E-10
267,0.000030000000000,14.71040756940910,7180.2758080717,-1.90224888064501E-04,-1.51580681982872E-07,5.98943669779531E-10
268,0.000030000000000,12.96822046600420,31886.1593826190,-4.07830198522702E-04,-2.05253192584306E-07,7.94119961520608E-10
269,0.000030000000000,22.27622083432700,48333.9927661296,3.29351763279569E-04,8.08312736590986E-07,-4.09095965207529E-09
270,0.000030000000000,19.96379197179670,39376.9993862921,1.79723237010152E-04,5.56977470322168E-07,-2.80053592520285E-09
271,0.000030000000000,7.22747836523365,8575.4415086546,-4.40101920010786E-04,-4.43432457839799E-07,1.92564115627258E-09
272,0.000030000000000,4.23103495709552,-1185.6462450092,-1.85286063460658E-04,-2.19703646126193E-07,1.03124718108809E-09
273,0.000030000000000,16.70798148498250,22510.0670713089,3.07735567763119E-04,5.67667902878842E-07,-2.74167954431615E-09
274,0.000030000000000,11.03833152957980,16694.5834675417,1.44787634029159E-04,3.19414597180838E-07,-1.72345445870266E-09
275,0.000030000000000,6.34238165915139,-18714.6375623305,-2.37932062638004E-05,-1.73181894914284E-07,9.70689104180701E-10
276,0.000030000000000,14.63594810907050,33490.5281069434,2.04823180593343E-04,5.27767785404895E-07,-2.75984551294733E-09
277,0.000030000000000,3.61368724360602,-1290.3909677148,3.35784588074753E-05,3.57876854239350E-08,-1.20141678315754E-10
278,0.000030000000000,4.39972534680901,-9619.0823923382,-1.18713948954850E-04,-2.14931188730719E-07,1.11584232030489E-09
279,0.000030000000000,7.98218269595459,25928.7004276888,-1.94682377622359E-04,-1.54192567208482E-08,-1.42724299581836E-10
280,0.000030000000000,6.25276296846765,26347.4529171666,2.35250887162351E-04,4.97325316259297E-07,-2.61027564418823E-09
281,0.000030000000000,6.33901434418071,25090.8490067385,2.40578650148168E-04,4.96092532030972E-07,-2.50139618768465E-09
282,0.000030000000000,-3.16945523307955,-6967.3127813272,-3.73918743886952E-04,-5.05550180359321E-07,2.33366035029437E-09
283,0.000021139297388,-8.16726816481592,8393.6512555937,-6.40061653764836E-05,-5.34521627833696E-09,-2.94281904433488E-11
284,0.000023738438576,11.41119047262970,15489.7946685095,-2.82481749262643E-04,-1.93946367913470E-07,7.98536614155516E-10
285,0.000025241203407,3.65727060490879,107.4045651843,-2.16298573138809E-04,-2.56064090432991E-07,1.20655580817730E-09
286,0.000025227186306,-1.97078104858072,102.1449005520,-2.16298573138809E-04,-2.56064090432991E-07,1.20655580817730E-09
287,0.000021838002479,-28.94350369455500,16744.8845853493,-2.82481749262643E-04,-1.93946367913470E-07,7.98536614155516E-10
288,0.000025546326190,19.52723091635530,9894.2163477963,-3.30915880619168E-05,3.10588612597607E-08,-2.04009597010892E-10
289,0.000024490522756,18.83222353649770,10757.8105481943,-3.30915880619168E-05,3.10588612597607E-08,-2.04009597010892E-10
290,0.000022281851649,204.69385369863400,8432.9581988525,-9.70977534384004E-05,2.57136449814237E-08,-2.33437787454241E-10
291,0.000022281851649,201.43804321182000,-8433.9741161307,3.09145773145667E-05,3.64040775380977E-08,-1.74581406567543E-10
292,0.000022542980930,5.37490182520095,16919.8919364554,8.82862423858425E-05,2.45373657876317E-07,-1.26541218906399E-09
293,0.000020681033298,-32.19941252878710,-122.0477296338,-1.54469418509676E-04,-1.83255935356796E-07,8.57392995042214E-10
294,0.000021706939917,15.95536464069790,9343.4610237628,-3.30915880619168E-05,3.10588612597607E-08,-2.04009597010892E-10
295,0.000023743958144,1.44947295458480,6827.6008512645,-3.30915880619168E-05,3.10588612597607E-08,-2.04009597010892E-10
296,0.000020000000000,7.84215131820539,-9129.3365974475,1.25835320005617E-04,7.81533713545324E-08,-3.19734622691738E-10
297,0.000020429899761,-17.29454178251090,-8371.3330076192,-1.54469418509676E-04,-1.83255935356796E-07,8.57392995042214E-10
298,0.000020314490793,-14.03873255283260,8495.5993073640,-2.82481749262643E-04,-1.93946367913470E-07,7.98536614155516E-10
299,0.000021358537064,0.67477850219438,262.5090872086,-2.16298573138809E-04,-2.56064090432991E-07,1.20655580817730E-09
300,0.000025709715048,14.74258885914300,16749.0396709167,-2.82481749262643E-04,-1.93946367913470E-07,7.98536614155516E-10
301,0.000020000000000,9.42701992016332,9690.0813275827,-6.40061653764836E-05,-5.34521627833696E-09,-2.94281904433488E-11
302,0.000020000000000,3.25356852742027,7176.8509874005,-6.40061653764836E-05,-5.34521627833696E-09,-2.94281904433488E-11
303,0.000020751242983,1.01436133699296,-52.9596214723,-2.16298573138809E-04,-2.56064090432991E-07,1.20655580817730E-09
304,0.000019522640652,25.67837178119000,-8221.6154918139,-5.20883388663462E-04,-7.57501838742301E-07,3.67852380541860E-09
305,0.000021833080184,4.31552615626291,7613.6427906505,-3.30915880619168E-05,3.10588612597607E-08,-2.04009597010892E-10
306,0.000020000000000,16.03028797263150,-7244.4138423108,1.25835320005617E-04,7.81533713545324E-08,-3.19734622691738E-10
307,0.000020389459078,16.16772257047550,8053.0644262166,-2.17701074735002E-06,6.74629387978584E-08,-3.78591003578436E-10
308,0.000022824376825,5.68062406166695,8436.0959898078,-6.40061653764836E-05,-5.34521627833696E-09,-2.94281904433488E-11
309,0.000022810661382,0.71688650409428,8430.8363251754,-6.40061653764836E-05,-5.34521627833696E-09,-2.94281904433488E-11
310,0.000020771481673,10.44970412812060,6481.6918929115,-2.17701074735002E-06,6.74629387978584E-08,-3.78591003578436E-10
311,0.000024284014889,11.48804504552180,-117.8926440664,-1.54469418509676E-04,-1.83255935356796E-07,8.57392995042214E-10
312,0.000018444510856,10.08266438628210,8416.5454766840,-4.34774157024969E-04,-4.44665242068124E-07,2.03452061277616E-09
313,0.000017891690628,37.57387391640830,6483.2817473861,-1.54469418509676E-04,-1.83255935356796E-07,8.57392995042214E-10
314,0.000019693546677,15.23227353915170,117.3939712861,-1.54469418509676E-04,-1.83255935356796E-07,8.57392995042214E-10
315,0.000018133988054,-31.13891735563530,8500.8900365634,-2.17701074735002E-06,6.74629387978584E-08,-3.78591003578436E-10
316,0.000019605419457,8.15383268683859,-1377.1376464737,-1.54469418509676E-04,-1.83255935356796E-07,8.57392995042214E-10
317,0.000020000000000,11.82519916789890,15471.7609845688,1.19200819700409E-04,2.81777735414415E-07,-1.43999359563154E-09
318,0.000020000000000,9.51277030536863,6514.7676047313,-3.04277065690083E-05,3.04424691455980E-08,-1.49569868759102E-10
319,0.000020000000000,9.45181100514306,-138.5561603233,2.47213150453376E-04,2.92468167971089E-07,-1.38113721474484E-09
320,0.000020000000000,8.06511027143984,24010.0018749285,-1.61103918814884E-04,2.03684287030868E-08,-2.62865977897590E-10
321,0.000016654628577,-5.74184358310585,16722.3426802171,8.82862423858425E-05,2.45373657876317E-07,-1.26541218906399E-09
322,0.000019441566184,2.94102576517730,8591.2005118320,-6.40061653764836E-05,-5.34521627833696E-09,-2.94281904433488E-11
323,0.000018278957719,2.23275376424197,7096.6688940722,-6.40061653764836E-05,-5.34521627833696E-09,-2.94281904433488E-11
324,0.000016477693309,16.85183139792640,16801.9724840129,8.82862423858425E-05,2.45373657876317E-07,-1.26541218906399E-09
325,0.000022881877795,55.07973554944380,15438.3318730717,1.50115397014976E-04,3.18181812952513E-07,-1.61457500219908E-09
326,0.000017542530628,13.99849129624370,16622.4379602375,1.19200819700409E-04,2.81777735414415E-07,-1.43999359563154E-09
327,0.000022882445962,-29.68907871715200,15437.6272411555,1.50115397014976E-04,3.18181812952513E-07,-1.61457500219908E-09
328,0.000017254925141,-28.70324486786530,-8226.2178916967,-2.16298573138809E-04,-2.56064090432991E-07,1.20655580817730E-09
329,0.000016215177535,30.53551389317780,6560.6103512405,-2.17701074735002E-06,6.74629387978584E-08,-3.78591003578436E-10
330,0.000017920954472,13.76709172840990,23818.4860931329,-1.30189341500317E-04,5.67725062411845E-08,-4.37447384465134E-10
331,0.000017521104818,9.94453630414105,15096.7736988165,-2.82481749262643E-04,-1.93946367913470E-07,7.98536614155516E-10
332,0.000018640485851,0.69295249074740,5570.9856811734,-3.30915880619168E-05,3.10588612597607E-08,-2.04009597010892E-10
333,0.000017392269638,15.86883276443430,8839.1063656026,-2.17701074735002E-06,6.74629387978584E-08,-3.78591003578436E-10
334,0.000021667342009,8.61378150050331,15644.8991905337,-2.82481749262643E-04,-1.93946367913470E-07,7.98536614155516E-10
335,0.000016772734328,6.14578391227563,-34.9448890094,-1.85383995824243E-04,-2.19660012894893E-07,1.03197440160975E-09
336,0.000021494670141,13.86582690700810,15650.1588551661,-2.82481749262643E-04,-1.93946367913470E-07,7.98536614155516E-10
337,0.000018113249002,3.45712407219172,8275.7318031512,-6.40061653764836E-05,-5.34521627833696E-09,-2.94281904433488E-11
338,0.000015540352290,-14.07250778861460,8424.6060019511,-9.70977534384004E-05,2.57136449814237E-08,-2.33437787454241E-10
339,0.000015540352290,-17.32831827542880,-8442.3263130321,3.09145773145667E-05,3.64040775380977E-08,-1.74581406567543E-10
340,0.000015003592869,11.48940916701720,15125.1596322267,-2.82481749262643E-04,-1.93946367913470E-07,7.98536614155516E-10
341,0.000017914925055,-16.80781704570080,6478.6793475032,1.50115397014976E-04,3.18181812952513E-07,-1.61457500219908E-09
342,0.000017713243757,20.25447484844250,11150.8315178873,-3.30915880619168E-05,3.10588612597607E-08,-2.04009597010892E-10
343,0.000016168105301,35.09310569910860,15647.2003904751,-4.34774157024969E-04,-4.44665242068124E-07,2.03452061277616E-09
344,0.000016103363993,-12.61294110008560,15647.8576552247,-1.30189341500317E-04,5.67725062411845E-08,-4.37447384465134E-10
345,0.000020000000000,33.64786982940620,46104.7356475994,-4.12184220017402E-04,-7.03273149885898E-08,3.69379543637352E-11
346,0.000020000000000,31.29231527901940,37776.0442229760,-5.64476627779728E-04,-3.21046189143244E-07,1.27292195298438E-09
347,0.000020000000000,32.74761389297880,37566.4947572397,-1.31879481502108E-04,1.91081991722738E-07,-1.14018966337021E-09
348,0.000020000000000,22.42177244003350,39518.9747374551,-1.96372517624150E-04,1.18890228760706E-07,-8.45466578486919E-10
349,0.000020000000000,27.06178939543920,38681.1233165048,2.38888510146377E-04,6.30402017512526E-07,-3.20413846658973E-09
350,0.000020000000000,24.74936053290890,29724.1299366673,8.92599838769595E-05,3.79066751243709E-07,-1.91371473971729E-09
351,0.000020000000000,16.72415602711940,15579.9549082766,-2.25980357619326E-04,-1.19905428608949E-07,3.40494344516849E-10
352,0.000020000000000,15.32377501639100,40214.8508072425,-2.55537790760375E-04,4.54656815703479E-08,-4.41864037100042E-10
353,0.000020000000000,17.65136310926650,30420.0060064546,3.00947107407344E-05,3.05642204053351E-07,-1.51011219833041E-09
354,0.000020000000000,8.14289353200623,-1638.1557816110,-5.84402683294387E-04,-6.96000508336942E-07,3.32494433964860E-09
355,0.000020000000000,14.20727768914400,23942.4634003493,-9.93726965493345E-05,9.32202170105821E-08,-6.11301570511013E-10
356,0.000020000000000,19.02041034751280,31467.0604511464,4.57364094032537E-04,8.19003169147659E-07,-4.03210327118859E-09
357,0.000020000000000,13.48013745567970,23766.6709817370,3.02407804777302E-04,5.68900687107167E-07,-2.85055900081973E-09
358,0.000020000000000,14.39555262245220,13553.0736914714,1.58107041493701E-04,3.16332636610025E-07,-1.45125581744371E-09
359,0.000020000000000,9.22505228080704,23905.2327718918,5.78585358168342E-05,2.75816127021915E-07,-1.41498205782310E-09
360,0.000020000000000,4.31347397109595,-8362.4784819101,-1.24041711940667E-04,-2.13698404502394E-07,1.00696286380131E-09
361,0.000020000000000,10.33773724634140,34257.3918523123,-4.23899698600331E-05,2.35299617433806E-07,-1.37870829820248E-09
362,0.000020000000000,7.28239596846466,33000.7879418841,-3.70622068742161E-05,2.34066833205481E-07,-1.26982884169890E-09
363,0.000020000000000,2.48503549197800,17600.0090030654,-3.46974785384685E-04,-2.66138130875502E-07,1.09325969903881E-09
364,0.000020000000000,5.71287952128085,16343.4050926372,-3.41647022398868E-04,-2.67370915103828E-07,1.20213915554239E-09
365,0.000020000000000,1.80102094637014,16795.9146292391,5.74695974348599E-05,2.08925947106920E-07,-1.09155800301812E-09
366,0.000020000000000,14.23484178640060,41119.9299007713,5.47827347165729E-04,9.96913888226119E-07,-4.91892445667416E-09
367,0.000020000000000,7.25442951095329,14877.2517164728,9.62778868645681E-05,2.43524481533829E-07,-1.10209300430863E-09
368,0.000014372368340,5.17286993131011,157.7438300793,-2.16298573138809E-04,-2.56064090432991E-07,1.20655580817730E-09
369,0.000014186133759,40.82920051066250,23350.2140623692,-2.82481749262643E-04,-1.93946367913470E-07,7.98536614155516E-10
370,0.000014352151547,7.54399774718589,16709.1884849038,8.82862423858425E-05,2.45373657876317E-07,-1.26541218906399E-09
371,0.000014095798120,12.12791493154390,144.5896347661,-2.16298573138809E-04,-2.56064090432991E-07,1.20655580817730E-09
372,0.000014062232332,-10.44317353401060,64.9598309702,-2.16298573138809E-04,-2.56064090432991E-07,1.20655580817730E-09
373,0.000015240760770,12.29611998120170,23425.4651234399,-1.30189341500317E-04,5.67725062411845E-08,-4.37447384465134E-10
374,0.000014214586289,8.81547671365266,8420.3032925474,-3.30915880619168E-05,3.10588612597607E-08,-2.04009597010892E-10
375,0.000014027601483,2.80168078924257,51.8056356570,-2.16298573138809E-04,-2.56064090432991E-07,1.20655580817730E-09
376,0.000014790448963,17.40434961462620,9736.4819934558,-3.30915880619168E-05,3.10588612597607E-08,-2.04009597010892E-10
377,0.000015387424384,11.04335604279590,15805.2633771903,-2.82481749262643E-04,-1.93946367913470E-07,7.98536614155516E-10
378,0.000013791715490,9.84010031785132,16815.1266793262,8.82862423858425E-05,2.45373657876317E-07,-1.26541218906399E-09
379,0.000013731644872,-17.88940679689200,-82.2328277359,-1.54469418509676E-04,-1.83255935356796E-07,8.57392995042214E-10
380,0.000014647967386,6.68909689597129,-1770.1586161667,-1.54469418509676E-04,-1.83255935356796E-07,8.57392995042214E-10
381,0.000013751845479,7.49730171611437,15664.4497036575,8.82862423858425E-05,2.45373657876317E-07,-1.26541218906399E-09
382,0.000013315240160,-0.06456005553075,15607.7141209520,-2.82481749262643E-04,-1.93946367913470E-07,7.98536614155516E-10
383,0.000016368813243,20.95998591819020,10287.2373174892,-3.30915880619168E-05,3.10588612597607E-08,-2.04009597010892E-10
384,0.000013585574459,88.24259794066530,16746.6155538266,8.82862423858425E-05,2.45373657876317E-07,-1.26541218906399E-09
385,0.000014651606810,11.19122968172070,-8420.8469190736,1.25835320005617E-04,7.81533713545324E-08,-3.19734622691738E-10
386,0.000013528291820,13.25604740952970,15594.5599256387,-2.82481749262643E-04,-1.93946367913470E-07,7.98536614155516E-10
387,0.000013911099935,1.70441098564952,16778.1570903390,-1.30189341500317E-04,5.67725062411845E-08,-4.37447384465134E-10
388,0.000013487659352,-70.85081542991760,16777.6996104034,8.82862423858425E-05,2.45373657876317E-07,-1.26541218906399E-09
389,0.000013585294646,12.26217237000270,6011.5802540327,-2.17701074735002E-06,6.74629387978584E-08,-3.78591003578436E-10
390,0.000013165620742,12.16434119132430,7130.6180404680,-2.17701074735002E-06,6.74629387978584E-08,-3.78591003578436E-10
391,0.000013280634984,-14.63384484072930,16784.6994872472,-2.82481749262643E-04,-1.93946367913470E-07,7.98536614155516E-10
392,0.000013116683354,8.51361548972532,7087.9582245123,-2.17701074735002E-06,6.74629387978584E-08,-3.78591003578436E-10
393,0.000012932481850,13.84453771067030,23453.8510568502,-1.30189341500317E-04,5.67725062411845E-08,-4.37447384465134E-10
394,0.000013121556345,26.01506548704620,6854.8566928143,-2.17701074735002E-06,6.74629387978584E-08,-3.78591003578436E-10
395,0.000016179932926,-43.77164979708770,-8224.2690077134,-3.68590980901135E-04,-5.06782964587646E-07,2.44253980679795E-09
396,0.000016157554190,40.74688995838500,-8223.5643757972,-3.68590980901135E-04,-5.06782964587646E-07,2.44253980679795E-09
397,0.000013187338425,4.32314837940623,8486.4352547028,-6.40061653764836E-05,-5.34521627833696E-09,-2.94281904433488E-11
398,0.000017709221213,5.35450578113057,-1222.0331244494,-1.54469418509676E-04,-1.83255935356796E-07,8.57392995042214E-10
399,0.000012829841310,-46.66975448962490,8494.8565621207,-3.30915880619168E-05,3.10588612597607E-08,-2.04009597010892E-10
400,0.000014344039136,-10.25737500294660,23976.5490798481,2.21030662620089E-05,3.07491380395839E-07,-1.67343138308578E-09
401,0.000014344039136,37.44864533997710,23975.8918150986,-2.82481749262643E-04,-1.93946367913470E-07,7.98536614155516E-10
402,0.000017561032328,10.61330134832070,-1216.7734598171,-1.54469418509676E-04,-1.83255935356796E-07,8.57392995042214E-10
403,0.000012580137621,2.93713634964445,8955.8355481148,-6.40061653764836E-05,-5.34521627833696E-09,-2.94281904433488E-11
404,0.000012518388139,8.23351720848446,-1741.7726827564,-1.54469418509676E-04,-1.83255935356796E-07,8.57392995042214E-10
405,0.000012931451734,2.07434655019792,8380.4970602804,-6.40061653764836E-05,-5.34521627833696E-09,-2.94281904433488E-11
406,0.000012482770677,22.55770378759190,15687.3439247478,-2.82481749262643E-04,-1.93946367913470E-07,7.98536614155516E-10
407,0.000012833950559,-73.15798485078120,8449.0081857800,-6.40061653764836E-05,-5.34521627833696E-09,-2.94281904433488E-11
408,0.000012209315252,5.80850624114789,16239.7881914918,8.82862423858425E-05,2.45373657876317E-07,-1.26541218906399E-09
409,0.000013537988816,4.27493150386358,16211.4022580816,8.82862423858425E-05,2.45373657876317E-07,-1.26541218906399E-09
410,0.000012748232854,85.83822329445490,8417.9241292032,-6.40061653764836E-05,-5.34521627833696E-09,-2.94281904433488E-11
411,0.000013535279845,17.07010067925030,16591.3053165763,-2.82481749262643E-04,-1.93946367913470E-07,7.98536614155516E-10
412,0.000012564127097,37.18167752631530,6894.6715947122,-2.17701074735002E-06,6.74629387978584E-08,-3.78591003578436E-10
413,0.000015773362520,11.28395553852270,15646.8176773830,-2.82481749262643E-04,-1.93946367913470E-07,7.98536614155516E-10
414,0.000014271139758,-13.55200535152050,23345.6116624864,2.21030662620089E-05,3.07491380395839E-07,-1.67343138308578E-09
415,0.000013079603233,-86.14436765120370,7109.1900809164,-2.17701074735002E-06,6.74629387978584E-08,-3.78591003578436E-10
416,0.000013077623303,106.82392442683000,7109.3861840640,-2.17701074735002E-06,6.74629387978584E-08,-3.78591003578436E-10
417,0.000015618266513,17.47899128918480,15648.2403683168,-2.82481749262643E-04,-1.93946367913470E-07,7.98536614155516E-10
418,0.000011904707309,4.90674590532081,16761.9339249573,2.40578650148168E-04,4.96092532030972E-07,-2.50139618768465E-09
419,0.000011868372843,12.48496676471050,16762.3812392727,-6.40061653764836E-05,-5.34521627833696E-09,-2.94281904433488E-11
420,0.000015827830634,10.93599853763140,23973.5906151572,-1.30189341500317E-04,5.67725062411845E-08,-4.37447384465134E-10
421,0.000013932303653,11.67665035363880,7108.5767870233,-2.17701074735002E-06,6.74629387978584E-08,-3.78591003578436E-10
422,0.000012034743170,-75.56761236057520,120.3167611566,-2.16298573138809E-04,-2.56064090432991E-07,1.20655580817730E-09
423,0.000011989413604,83.53705805924600,89.2327045797,-2.16298573138809E-04,-2.56064090432991E-07,1.20655580817730E-09
424,0.000015684758081,16.25577957152260,23978.8502797895,-1.30189341500317E-04,5.67725062411845E-08,-4.37447384465134E-10
425,0.000013030967905,4.44967643028020,8984.2214815250,-6.40061653764836E-05,-5.34521627833696E-09,-2.94281904433488E-11
426,0.000011833810921,6.42851265250083,5905.6420596103,-2.17701074735002E-06,6.74629387978584E-08,-3.78591003578436E-10
427,0.000011901002660,5.18328423434098,1202.4826113257,-2.16298573138809E-04,-2.56064090432991E-07,1.20655580817730E-09
428,0.000014133064190,3.77102883347175,6985.3352056049,-3.30915880619168E-05,3.10588612597607E-08,-2.04009597010892E-10
429,0.000011384110184,9.99263660410575,-1272.3723893444,-1.54469418509676E-04,-1.83255935356796E-07,8.57392995042214E-10
430,0.000013815740882,15.21886496308120,7109.9994779571,-2.17701074735002E-06,6.74629387978584E-08,-3.78591003578436E-10
431,0.000012276459140,13.81448763376910,-275.6269984068,-1.54469418509676E-04,-1.83255935356796E-07,8.57392995042214E-10
432,0.000011608332428,-16.86862298494930,16682.5277783192,8.82862423858425E-05,2.45373657876317E-07,-1.26541218906399E-09
433,0.000011679612036,28.03425585122490,107.0759328096,-3.68590980901135E-04,-5.06782964587646E-07,2.44253980679795E-09
434,0.000012029435108,4.68809021280162,8335.6950061029,-3.30915880619168E-05,3.10588612597607E-08,-2.04009597010892E-10
435,0.000012415220707,7.78903169693499,-1061.6689377928,-1.54469418509676E-04,-1.83255935356796E-07,8.57392995042214E-10
436,0.000013013184345,-0.73097670628512,5177.9647114804,-3.30915880619168E-05,3.10588612597607E-08,-2.04009597010892E-10
437,0.000011383559274,25.60159577298620,8513.0959612874,-6.40061653764836E-05,-5.34521627833696E-09,-2.94281904433488E-11
438,0.000011423430918,-6.26232467404353,-16746.1580738910,-3.06761826272002E-04,-4.33974809511451E-07,2.09337699366286E-09
439,0.000012842889804,21.67660702045100,11543.8524875803,-3.30915880619168E-05,3.10588612597607E-08,-2.04009597010892E-10
440,0.000011300144854,27.97977965843650,16841.7873859108,8.82862423858425E-05,2.45373657876317E-07,-1.26541218906399E-09
441,0.000011253984543,13.65071962731300,8244.5802080122,-3.30915880619168E-05,3.10588612597607E-08,-2.04009597010892E-10
442,0.000010769933943,-3.31820365871005,-1259.2181940312,-1.54469418509676E-04,-1.83255935356796E-07,8.57392995042214E-10
443,0.000012872633098,0.02716855297663,6434.5798815715,-3.30915880619168E-05,3.10588612597607E-08,-2.04009597010892E-10
444,0.000012759283009,17.59116201817240,17043.8448633407,1.19200819700409E-04,2.81777735414415E-07,-1.43999359563154E-09
445,0.000011167374570,-17.59466162466380,25298.0972725333,-3.97260883671246E-05,2.34683225319643E-07,-1.32426856995069E-09
446,0.000011167374570,36.78687104587580,25302.6996724162,-3.44310903891777E-04,-2.66754522989665E-07,1.14769942729060E-09
447,0.000010980695930,-19.20293141107970,8353.8363536958,-6.40061653764836E-05,-5.34521627833696E-09,-2.94281904433488E-11
448,0.000010504652896,38.47395521224140,15021.5226377458,-4.34774157024969E-04,-4.44665242068124E-07,2.03452061277616E-09
449,0.000010532436621,4.79505969795172,5694.9386080587,-2.17701074735002E-06,6.74629387978584E-08,-3.78591003578436E-10
450,0.000011392881516,2.12463469776524,655.5300569016,-2.16298573138809E-04,-2.56064090432991E-07,1.20655580817730E-09
451,0.000010217986612,0.58930886471774,627.1441234913,-2.16298573138809E-04,-2.56064090432991E-07,1.20655580817730E-09
452,0.000010178406623,5.29853798857356,17284.5269727382,8.82862423858425E-05,2.45373657876317E-07,-1.26541218906399E-09
453,0.000013256878290,8.03965204527081,-1220.1146376001,-1.54469418509676E-04,-1.83255935356796E-07,8.57392995042214E-10
454,0.000013160862113,14.21208211115470,-1218.6919466664,-1.54469418509676E-04,-1.83255935356796E-07,8.57392995042214E-10
455,0.000012006034749,14.07412993175920,17121.3971243528,1.19200819700409E-04,2.81777735414415E-07,-1.43999359563154E-09
456,0.000010591357225,15.43699160926990,15700.4981200611,-2.82481749262643E-04,-1.93946367913470E-07,7.98536614155516E-10
457,0.000010028890157,19.29998042151370,-1179.5883902353,-1.54469418509676E-04,-1.83255935356796E-07,8.57392995042214E-10
458,0.000010735149793,18.84637289023890,10129.5029631488,-3.30915880619168E-05,3.10588612597607E-08,-2.04009597010892E-10
459,0.000010441092421,93.88053508269680,15631.9869945615,-2.82481749262643E-04,-1.93946367913470E-07,7.98536614155516E-10
460,0.000012790202262,10.37404757732710,8442.3445459921,-3.30915880619168E-05,3.10588612597607E-08,-2.04009597010892E-10
461,0.000011058056740,6.82143895327280,17312.9129061484,8.82862423858425E-05,2.45373657876317E-07,-1.26541218906399E-09
462,0.000010191828058,23.26865507821160,184.4045366640,-2.16298573138809E-04,-2.56064090432991E-07,1.20655580817730E-09
463,0.000010172217841,41.66045022414120,6600.4252531384,-2.17701074735002E-06,6.74629387978584E-08,-3.78591003578436E-10
464,0.000010048667150,-65.11800992666620,15663.0710511383,-2.82481749262643E-04,-1.93946367913470E-07,7.98536614155516E-10
465,0.000010089991466,-21.58446390326200,25.1449290723,-2.16298573138809E-04,-2.56064090432991E-07,1.20655580817730E-09
466,0.000010801299942,13.40414683210540,24133.9548018138,-1.30189341500317E-04,5.67725062411845E-08,-4.37447384465134E-10
467,0.000011430142406,10.02657359929680,-399.5799252921,-1.85383995824243E-04,-2.19660012894893E-07,1.03197440160975E-09
468,0.000010649242622,4.03757384732964,-8440.0251130907,-1.21377830447759E-04,-2.14314796616557E-07,1.06140259205310E-09
469,0.000010446964347,-0.42624243344598,-445.9805911653,-2.16298573138809E-04,-2.56064090432991E-07,1.20655580817730E-09
470,0.000010017296268,-9.23520520497627,8320.0549262406,-3.30915880619168E-05,3.10588612597607E-08,-2.04009597010892E-10
471,0.000010019618595,9.64289585303098,8869.0850234484,-3.30915880619168E-05,3.10588612597607E-08,-2.04009597010892E-10
472,0.000010836278627,-15.90755195985140,15016.9202378629,-1.30189341500317E-04,5.67725062411845E-08,-4.37447384465134E-10
473,0.000010143419544,1.94761602652403,7882.7108334582,-6.40061653764836E-05,-5.34521627833696E-09,-2.94281904433488E-11
474,0.000010857729731,11.88598504828930,8294.4578810809,-3.30915880619168E-05,3.10588612597607E-08,-2.04009597010892E-10
475,0.000010579743789,9.73853608129811,386.4620140939,-1.85383995824243E-04,-2.19660012894893E-07,1.03197440160975E-09
476,0.000010896689356,22.39377546238050,10680.2582871822,-3.30915880619168E-05,3.10588612597607E-08,-2.04009597010892E-10
477,0.000011444580107,-110.85746323970400,-8435.1971259688,-3.06761826272002E-04,-4.33974809511451E-07,2.09337699366286E-09
478,0.000010000000000,13.60787742838470,25266.6170450196,-1.61103918814884E-04,2.03684287030868E-08,-2.62865977897590E-10
479,0.000011729141856,5.37986496834758,7378.3561752979,-3.30915880619168E-05,3.10588612597607E-08,-2.04009597010892E-10
480,0.000010215757516,52.74768889750660,6481.3328634027,-2.17701074735002E-06,6.74629387978584E-08,-3.78591003578436E-10
481,0.000011078860683,-107.60175124465600,8431.7351890144,-4.34774157024969E-04,-4.44665242068124E-07,2.03452061277616E-09
482,0.000010635545194,8.49745875578260,8357.7362595476,-3.30915880619168E-05,3.10588612597607E-08,-2.04009597010892E-10
483,0.000010205809284,9.13223263574687,-8446.5840686899,-3.06761826272002E-04,-4.33974809511451E-07,2.09337699366286E-09
484,0.000010000000000,0.21879587623851,-9723.8627550378,9.49207426910504E-05,4.17492938164346E-08,-1.45153216124195E-10
485,0.000010110474338,-20.16140688564000,32304.5595561387,2.21030662620089E-05,3.07491380395839E-07,-1.67343138308578E-09
486,0.000010107719544,58.34691502624020,32305.2641880549,2.21030662620089E-05,3.07491380395839E-07,-1.67343138308578E-09
487,0.000010000000000,28.93676072863260,29447.3527983525,-7.16769035542054E-04,-5.71765063297899E-07,2.50890595160503E-09
488,0.000010000000000,30.31759988225340,55548.0556314880,1.10876179393410E-04,6.19711584955852E-07,-3.26299484747643E-09
489,0.000010000000000,24.73420130256380,48475.9681172927,-4.67439913547332E-05,3.70225495029523E-07,-2.13589030535936E-09
490,0.000010000000000,28.00517101972310,46591.0622516505,-3.87523468760076E-05,3.68376318687035E-07,-1.97257112060399E-09
491,0.000010000000000,23.33718760680610,29305.3774471895,-3.40673280907751E-04,-1.33677821736436E-07,5.53836604889100E-10
492,0.000010000000000,17.62441196354680,24118.1957986364,-5.06285096134620E-04,-3.81314735320278E-07,1.51762196225080E-09
493,0.000010000000000,17.71066333925990,22861.5918882082,-5.00957333148803E-04,-3.82547519548603E-07,1.62650141875438E-09
494,0.000010000000000,21.52151650360610,30980.7338470954,8.39322208911425E-05,3.80299535472034E-07,-2.02259419622087E-09
495,0.000010000000000,22.43693167037860,20767.1365568298,-6.03685423924581E-05,1.27731484974892E-07,-6.23291012844852E-10
496,0.000010000000000,20.08137711999180,12438.4451322063,-2.12660950154784E-04,-1.22987389179762E-07,6.12692985775798E-10
497,0.000010000000000,17.68269688174850,4738.0556627970,-3.67617239410019E-04,-3.73089871220254E-07,1.79423725614465E-09
498,0.000010000000000,19.09486980785140,5156.8081522747,6.23160253746920E-05,1.39654701759891E-07,-6.73314088461734E-10
499,0.000010000000000,19.42151667018270,23837.6586573186,1.14359927460150E-04,3.49857066326436E-07,-1.87302432746177E-09
500,0.000010000000000,16.73594794249390,40633.6032967202,1.74395474024335E-04,5.58210254550494E-07,-2.90941538170643E-09
501,0.000010000000000,15.79256631820990,32723.6643615746,4.52036331046720E-04,8.20235953375985E-07,-4.14098272769218E-09
502,0.000010000000000,12.08312375992200,4596.0803116340,8.47851522428402E-06,6.49973703412078E-08,-1.60832090571277E-10
503,0.000010000000000,2.53152849480521,-26833.7795212176,-6.08682760303746E-04,-9.36028949934923E-07,4.61978471915595E-09
504,0.000010000000000,10.96723938421190,-800.6508026555,2.75463846275034E-04,3.29488637623349E-07,-1.61015834956417E-09
505,0.000010000000000,5.51321786809187,-9757.6441824930,1.25835320005617E-04,7.81533713545324E-08,-3.19734622691738E-10
506,0.000010000000000,8.74106189739472,-11014.2480929211,1.31163082991434E-04,7.69205871262070E-08,-2.10855166188159E-10
507,0.000010000000000,6.74012066685065,17461.4472129106,-1.02425516424217E-04,2.69464292097491E-08,-3.42317243957821E-10
508,0.000010000000000,10.05421607186650,14948.2393920543,-9.17699904525834E-05,2.44808607530984E-08,-1.24558330950662E-10
509,0.000010000000000,6.79840558505234,-1918.6929229288,3.62423403003838E-05,3.51712933097724E-08,-6.57019500639643E-11
510,0.000010000000000,11.00699775709770,42376.5338111994,5.42499584179912E-04,9.98146672454444E-07,-5.02780391317774E-09
511,0.000010000000000,-0.85702637054928,1989.6805985103,-2.24290217617535E-04,-2.54214914090503E-07,1.04323662342193E-09
512,0.000010000000000,0.14464017193636,-9480.5206021834,-3.63263217915318E-04,-5.08015748815971E-07,2.55141926330153E-09
513,0.000010000000000,8.52145319160448,25057.0919596144,2.71395295099151E-04,5.32540242800370E-07,-2.67525037373053E-09
514,0.000005974522747,-57.89127024398750,8455.0416602228,-3.30915880619168E-05,3.10588612597607E-08,-2.04009597010892E-10
515,0.000005095115572,13.02247403935720,16650.8238936477,1.19200819700409E-04,2.81777735414415E-07,-1.43999359563154E-09
516,0.000004761829108,11.45395862868260,-6.5589555991,-1.85383995824243E-04,-2.19660012894893E-07,1.03197440160975E-09
